[
  {
    "id": 1,
    "title": "The Adventures of Sherlock Holmes",
    "author": "Arthur Conan Doyle",
    "description": "Classic detective stories featuring Sherlock Holmes.",
    "reviews": []
  },
  {
    "id": 2,
    "title": "War and Peace",
    "author": "Leo Tolstoy",
    "description": "A novel depicting Russian society during the Napoleonic era.",
    "reviews": []
  },
  {
    "id": 3,
    "title": "Alice's Adventures in Wonderland",
    "author": "Lewis Carroll",
    "description": "A whimsical tale of a girl's adventures in a fantastical world.",
    "reviews": []
  },
  {
    "id": 4,
    "title": "The Grapes of Wrath",
    "author": "John Steinbeck",
    "description": "A story of a family's struggles during the Great Depression.",
    "reviews": []
  },
  {
    "id": 5,
    "title": "Crime and Punishment",
    "author": "Fyodor Dostoevsky",
    "description": "A psychological novel exploring the moral dilemmas of a student.",
    "reviews": []
  },
  {
    "id": 6,
    "title": "The Scarlet Letter",
    "author": "Nathaniel Hawthorne",
    "description": "A novel set in colonial America, exploring themes of sin and redemption.",
    "reviews": []
  },
  {
    "id": 7,
    "title": "The Picture of Dorian Gray",
    "author": "Oscar Wilde",
    "description": "A philosophical novel about art, beauty, and corruption.",
    "reviews": []
  },
  {
    "id": 8,
    "title": "Frankenstein",
    "author": "Mary Shelley",
    "description": "A gothic novel about the consequences of scientific experimentation.",
    "reviews": []
  },
  {
    "id": 9,
    "title": "Dracula",
    "author": "Bram Stoker",
    "description": "A classic vampire novel with a dark and mysterious atmosphere.",
    "reviews": []
  },
  {
    "id": 10,
    "title": "Jane Eyre",
    "author": "Charlotte Brontë",
    "description": "A novel following the life of an orphaned governess.",
    "reviews": []
  }
]
